<?xml version="1.0" encoding="UTF-8"?>
<!DOCTYPE mapper
        PUBLIC "-//mybatis.org//DTD Mapper 3.0//EN"
        "http://mybatis.org/dtd/mybatis-3-mapper.dtd" >

<mapper namespace="com.example.demo.QueryDao">
    <select id="getData" resultType="HashMap">
        SELECT * FROM customer WHERE c_id = #{cId}
    </select>
    
    <select id="getList" resultType="HashMap">
        SELECT * FROM customer
    </select>
    
    <insert id="insData" parameterType="HashMap">
        INSERT INTO customer(c_id, c_name, c_mobile, level, zipcode, age)
        VALUES(#{cId}, #{cName}, #{cMobile}, #{level}, #{zipcode}, #{age})
    </insert>
    
    <update id="updateData" parameterType="HashMap">
        UPDATE customer SET c_mobile = #{cMobile}
        WHERE c_id = #{cId}
        
    </update>
    
    <delete id="deleteData" parameterType="HashMap">
        DELETE FROM customer WHERE c_id = #{cId}
    </delete>
</mapper>